# The constellations' stick figures (game/sky/Stars.kt), made by companion/android/tools/sky_catalog.py: lines
# between stars of stars.tsv (HR numbers); m45, the Pleiades, is a knot of stars without lines.
# id	lines
uma	5191-5054 5054-4905 4905-4660 4660-4554 4554-4295 4295-4301 4301-4660
umi	424-6789 6789-6322 6322-5903 5903-5563 5563-5735 5735-6116 6116-5903
cas	542-403 403-264 264-168 168-21
ori	2061-1879 1879-1790 2061-1948 1790-1852 1852-1903 1903-1948 1948-2004 1852-1713 1713-2004
tau	1791-1409 1409-1373 1373-1346 1346-1412 1412-1457 1457-1910 1346-1239
gem	2891-2990 2891-2697 2697-2473 2473-2286 2286-2216 2990-2777 2777-2650 2650-2421
leo	3982-3975 3975-4057 4057-4031 4031-3905 3905-3873 3982-4359 4359-4534 4534-4357 4357-4057
cyg	7924-7796 7796-7615 7615-7417 7528-7796 7796-7949 7949-8115 7528-7420
lyr	7001-7051 7001-7056 7056-7139 7139-7178 7178-7106 7106-7056
aql	7525-7557 7557-7602 7557-7377 7377-7236 7377-7570 7570-7710 7377-7235
sco	5984-5953 5953-5944 5953-6084 6084-6134 6134-6165 6165-6241 6241-6247 6247-6271 6271-6380 6380-6553 6553-6615 6615-6580 6580-6527
cma	2294-2491 2491-2693 2693-2618 2693-2827
cmi	2943-2845
boo	5340-5506 5506-5681 5681-5602 5602-5435 5435-5429 5429-5340 5340-5235 5340-5478
vir	5056-4825 4825-4910 4910-4932 4825-4689 4689-4540 5056-5107 5107-4910
aur	1708-2088 2088-2095 2095-1791 1791-1577 1577-1708
peg	8781-8775 8775-15 15-39 39-8781 8781-8634 8634-8450 8450-8308 8775-8650
and	15-165 165-337 337-603 337-269 269-226
per	834-915 915-1017 1017-1122 1122-1220 1220-1203 1017-941 941-936 936-921
sgr	6746-6859 6746-6879 6859-6879 6879-7194 7194-7039 7039-6859 6859-6913 6913-7039 7039-7121 7121-7234 7234-7194
m45	1165 1178 1142 1149 1156 1145 1180 1140
