# The bright stars the night sky draws (game/sky/Stars.kt), made by companion/android/tools/sky_catalog.py.
# Source: the Yale Bright Star Catalogue, 5th Revised Ed. (Hoffleit & Warren 1991), CDS catalogue V/50: public
# domain. Every star of magnitude 4.5 or brighter north of -50°, and the fainter ones the figures and the Pleiades
# need.
# Positions: J2000 (degrees). Proper names: the IAU's (WGSN).
# hr	name	mag	ra	dec	b-v	proper
15	Alp And	2.06	2.0971	29.0906	-0.11	Alpheratz
21	Bet Cas	2.27	2.2946	59.1497	0.34	Caph
25	Eps Phe	3.88	2.3529	-45.7475	1.03	
39	Gam Peg	2.83	3.3092	15.1836	-0.23	Algenib
48	7 Cet	4.44	3.6600	-18.9328	1.66	
74	Iot Cet	3.56	4.8571	-8.8239	1.22	
99	Alp Phe	2.39	6.5708	-42.3061	1.09	
100	Kap Phe	3.94	6.5508	-43.6800	0.17	
130	Kap Cas	4.16	8.2500	62.9317	0.14	
153	Zet Cas	3.66	9.2429	53.8969	-0.20	
154	Pi And	4.36	9.2204	33.7194	-0.14	
163	Eps And	4.37	9.6387	29.3117	0.87	
165	Del And	3.27	9.8321	30.8608	1.28	
168	Alp Cas	2.23	10.1271	56.5372	1.17	Schedar
188	Bet Cet	2.04	10.8975	-17.9867	1.02	
215	Zet And	4.06	11.8346	24.2672	1.12	
219	Eta Cas	3.44	12.2750	57.8158	0.57	
224	Del Psc	4.43	12.1708	7.5850	1.50	
226	Nu And	4.53	12.4533	41.0789	-0.15	
264	Gam Cas	2.47	14.1771	60.7167	-0.15	Navi
269	Mu And	3.87	14.1883	38.4994	0.13	
271	Eta And	4.42	14.3017	23.4175	0.94	
280	Alp Scl	4.31	14.6517	-29.3575	-0.16	
285		4.25	17.1863	86.2569	1.21	
294	Eps Psc	4.28	15.7358	7.8900	0.96	
322	Bet Phe	3.31	16.5208	-46.7186	0.89	
334	Eta Cet	3.45	17.1475	-10.1822	1.16	
335	Phi And	4.25	17.3758	47.2419	-0.07	
337	Bet And	2.06	17.4329	35.6206	1.58	Mirach
343	The Cas	4.33	17.7758	55.1497	0.17	
402	The Cet	3.60	21.0058	-8.1833	1.06	
403	Del Cas	2.68	21.4542	60.2353	0.13	
424	Alp UMi	2.02	37.9529	89.2642	0.60	Polaris
429	Gam Phe	3.41	22.0913	-43.3183	1.57	
437	Eta Psc	3.62	22.8708	15.3458	0.97	
440	Del Phe	3.95	22.8129	-49.0728	0.99	
458	Ups And	4.09	24.1992	41.4056	0.54	
464	51 And	3.57	24.4983	48.6283	1.28	
489	Nu Psc	4.44	25.3579	5.4875	1.36	
496	Phi Per	4.07	25.9150	50.6886	-0.04	
509	Tau Cet	3.50	26.0171	-15.9375	0.72	
510	Omi Psc	4.26	26.3483	9.1578	0.96	
539	Zet Cet	3.73	27.8650	-10.3350	1.14	
542	Eps Cas	3.38	28.5987	63.6700	-0.15	
544	Alp Tri	3.41	28.2704	29.5789	0.49	
553	Bet Ari	2.64	28.6600	20.8081	0.13	
555	Psi Phe	4.41	28.4117	-46.3025	1.59	
580	50 Cas	3.98	30.8587	72.4214	-0.01	
585	Ups Cet	4.00	30.0013	-21.0778	1.57	
596	Alp Psc	4.33	30.5117	2.7636	0.03	
603	Gam1And	2.26	30.9750	42.3297	1.37	Almach
617	Alp Ari	2.00	31.7933	23.4625	1.15	
622	Bet Tri	3.00	32.3858	34.9872	0.14	
649	Xi1Cet	4.37	33.2500	8.8467	0.89	
664	Gam Tri	4.01	34.3287	33.8472	0.02	
681	Omi Cet	3.04	34.8362	-2.9775	1.42	
718	Xi2Cet	4.28	37.0396	8.4600	-0.06	
721	Kap Eri	4.25	36.7463	-47.7039	-0.14	
779	Del Cet	4.07	39.8708	0.3286	-0.22	
794	Iot Eri	4.11	40.1667	-39.8556	1.02	
799	The Per	4.12	41.0500	49.2283	0.49	
804	Gam Cet	3.47	40.8250	3.2358	0.09	
811	Pi Cet	4.25	41.0308	-13.8586	-0.14	
813	Mu Cet	4.27	41.2354	10.1142	0.31	
818	Tau1Eri	4.47	41.2758	-18.5725	0.48	
834	Eta Per	3.76	42.6742	55.8956	1.68	
838	41 Ari	3.63	42.4958	27.2606	-0.10	
840	16 Per	4.23	42.6463	38.3186	0.34	
841	Bet For	4.46	42.2725	-32.4058	0.99	
854	Tau Per	3.95	43.5646	52.7625	0.74	
868		4.00	43.4704	-49.8903	2.11	
874	Eta Eri	3.89	44.1071	-8.8981	1.11	
897	The1Eri	3.24	44.5654	-40.3047	0.14	
911	Alp Cet	2.53	45.5700	4.0897	1.64	
915	Gam Per	2.93	46.1992	53.5064	0.70	
919	Tau3Eri	4.09	45.5979	-23.6244	0.16	
921	Rho Per	3.39	46.2942	38.8403	1.65	
936	Bet Per	2.12	47.0421	40.9556	-0.05	Algol
937	Iot Per	4.05	47.2667	49.6133	0.59	
941	Kap Per	3.80	47.3742	44.8572	0.98	
951	Del Ari	4.35	47.9075	19.7267	1.03	
963	Alp For	3.87	48.0179	-28.9869	0.52	
999		4.47	50.0850	29.0483	1.55	
1003	Tau4Eri	3.69	49.8792	-21.7578	1.62	
1008		4.27	49.9821	-43.0697	0.71	
1017	Alp Per	1.79	51.0808	49.8611	0.48	Mirfak
1030	Omi Tau	3.60	51.2033	9.0289	0.89	
1035		4.21	52.2671	59.9403	0.41	
1038	Xi Tau	3.74	51.7925	9.7328	-0.09	
1052	Sig Per	4.36	52.6438	47.9953	1.35	
1066	5 Tau	4.11	52.7183	12.9367	1.12	
1084	Eps Eri	3.73	53.2325	-9.4583	0.88	
1087	Psi Per	4.23	54.1225	48.1928	-0.06	
1088	Tau5Eri	4.27	53.4471	-21.6328	-0.11	
1101	10 Tau	4.28	54.2183	0.4017	0.58	
1122	Del Per	3.01	55.7313	47.7875	-0.13	
1131	Omi Per	3.83	56.0796	32.2883	0.05	
1135	Nu Per	3.77	56.2983	42.5786	0.42	
1136	Del Eri	3.54	55.8121	-9.7633	0.92	
1140	16 Tau	5.46	56.2008	24.2894	-0.04	
1142	17 Tau	3.70	56.2188	24.1133	-0.11	
1145	19 Tau	4.30	56.3021	24.4672	-0.11	
1149	20 Tau	3.87	56.4567	24.3678	-0.07	
1155		4.47	57.3800	65.5261	1.88	
1156	23 Tau	4.18	56.5817	23.9483	-0.06	
1162	Pi Eri	4.42	56.5354	-12.1017	1.63	
1165	Eta Tau	2.87	56.8713	24.1050	-0.09	Alcyone
1173	Tau6Eri	4.23	56.7121	-23.2497	0.42	
1178	27 Tau	3.63	57.2904	24.0533	-0.09	
1180	28 Tau	5.09	57.2967	24.1367	-0.08	
1195		4.17	57.3637	-36.2003	0.95	
1203	Zet Per	2.85	58.5329	31.8836	0.12	
1220	Eps Per	2.89	59.4633	40.0103	-0.18	
1228	Xi Per	4.04	59.7413	35.7911	0.01	
1231	Gam Eri	2.95	59.5075	-13.5086	1.59	
1239	Lam Tau	3.47	60.1700	12.4903	-0.12	
1251	Nu Tau	3.91	60.7892	5.9892	0.03	
1256	37 Tau	4.36	61.1737	22.0819	1.07	
1261	Lam Per	4.29	61.6458	50.3514	0.02	
1273	48 Per	4.04	62.1654	47.7125	-0.03	
1298	Omi1Eri	4.04	62.9663	-6.8375	0.33	
1303	Mu Per	4.14	63.7246	48.4094	0.95	
1320	Mu Tau	4.29	63.8838	8.8922	-0.06	
1325	Omi2Eri	4.43	63.8179	-7.6528	0.82	
1326	Alp Hor	3.86	63.5004	-42.2944	1.10	
1346	Gam Tau	3.65	64.9483	15.6275	0.99	
1347	Ups4Eri	3.56	64.4737	-33.7983	-0.12	
1373	Del1Tau	3.76	65.7338	17.5425	0.98	
1387	Kap1Tau	4.22	66.3421	22.2939	0.13	
1389	Del3Tau	4.29	66.3725	17.9281	0.05	
1392	Ups Tau	4.28	66.5771	22.8136	0.26	
1393	43 Eri	3.96	66.0092	-34.0169	1.49	
1394	71 Tau	4.49	66.5867	15.6183	0.25	
1409	Eps Tau	3.53	67.1542	19.1803	1.01	
1412	The2Tau	3.40	67.1654	15.8708	0.18	
1454	58 Per	4.25	69.1725	41.2647	1.22	
1457	Alp Tau	0.85	68.9800	16.5092	1.54	Aldebaran
1458	88 Tau	4.25	68.9137	10.1608	0.18	
1463	Nu Eri	3.93	69.0796	-3.3525	-0.21	
1464	Ups2Eri	3.82	68.8875	-30.5622	0.98	
1473	90 Tau	4.27	69.5396	12.5108	0.12	
1481	53 Eri	3.87	69.5450	-14.3039	1.09	
1496	54 Eri	4.32	70.1104	-19.6717	1.61	
1497	Tau Tau	4.28	70.5613	22.9569	-0.13	
1502	Alp Cae	4.45	70.1404	-41.8639	0.34	
1520	Mu Eri	4.02	71.3754	-3.2547	-0.15	
1542	Alp Cam	4.29	73.5125	66.3428	0.03	
1543	Pi3Ori	3.19	72.4600	6.9614	0.45	
1544	Pi2Ori	4.36	72.6529	8.9003	0.01	
1552	Pi4Ori	3.69	72.8017	5.6050	-0.17	
1560	Ome Eri	4.39	73.2237	-5.4528	0.25	
1567	Pi5Ori	3.72	73.5629	2.4406	-0.18	
1568	7 Cam	4.47	74.3217	53.7522	-0.02	
1577	Iot Aur	2.69	74.2483	33.1661	1.53	
1580	Omi2Ori	4.07	74.0929	13.5144	1.15	
1601	Pi6Ori	4.47	74.6371	1.7142	1.40	
1603	Bet Cam	4.03	75.8546	60.4422	0.92	
1605	Eps Aur	2.99	75.4921	43.8233	0.54	
1612	Zet Aur	3.75	75.6196	41.0758	1.22	
1641	Eta Aur	3.17	76.6287	41.2344	-0.18	
1654	Eps Lep	3.19	76.3654	-22.3711	1.46	
1666	Bet Eri	2.79	76.9625	-5.0864	0.13	
1679	Lam Eri	4.27	77.2867	-8.7542	-0.19	
1696	Iot Lep	4.45	78.0746	-11.8692	-0.10	
1698	Rho Ori	4.46	78.3229	2.8611	1.19	
1702	Mu Lep	3.31	78.2329	-16.2056	-0.11	
1705	Kap Lep	4.36	78.3079	-12.9414	-0.10	
1708	Alp Aur	0.08	79.1725	45.9981	0.80	Capella
1713	Bet Ori	0.12	78.6346	-8.2017	-0.03	Rigel
1735	Tau Ori	3.60	79.4017	-6.8444	-0.11	
1756	Lam Lep	4.29	79.8937	-13.1767	-0.26	
1784	29 Ori	4.14	80.9867	-7.8081	0.96	
1788	Eta Ori	3.36	81.1192	-2.3969	-0.17	
1790	Gam Ori	1.64	81.2829	6.3497	-0.22	Bellatrix
1791	Bet Tau	1.65	81.5729	28.6075	-0.13	Elnath
1829	Bet Lep	2.84	82.0613	-20.7594	0.82	
1839	32 Ori	4.20	82.6963	5.9481	-0.14	
1845	119 Tau	4.38	83.0533	18.5944	2.07	
1852	Del Ori	2.23	83.0017	-0.2992	-0.22	Mintaka
1862	Eps Col	3.87	82.8029	-35.4706	1.14	
1865	Alp Lep	2.58	83.1825	-17.8222	0.21	
1876	Phi1Ori	4.41	83.7050	9.4894	-0.16	
1879	Lam Ori	3.54	83.7846	9.9342	-0.18	Meissa
1899	Iot Ori	2.77	83.8583	-5.9100	-0.24	
1903	Eps Ori	1.70	84.0533	-1.2019	-0.19	Alnilam
1907	Phi2Ori	4.09	84.2262	9.2906	0.95	
1910	Zet Tau	3.00	84.4113	21.1425	-0.19	
1931	Sig Ori	3.81	84.6867	-2.6000	-0.24	
1948	Zet Ori	2.05	85.1896	-1.9428	-0.21	Alnitak
1956	Alp Col	2.64	84.9121	-34.0742	-0.12	
1983	Gam Lep	3.60	86.1158	-22.4483	0.47	
1998	Zet Lep	3.55	86.7387	-14.8219	0.10	
2004	Kap Ori	2.06	86.9392	-9.6697	-0.17	Saiph
2012	Nu Aur	3.97	87.8725	39.1486	1.13	
2035	Del Lep	3.81	87.8304	-20.8792	0.99	
2040	Bet Col	3.12	87.7400	-35.7683	1.16	
2047	Chi1Ori	4.41	88.5954	20.2761	0.59	
2061	Alp Ori	0.50	88.7929	7.4069	1.85	Betelgeuse
2077	Del Aur	3.72	89.8817	54.2847	1.00	
2085	Eta Lep	3.71	89.1013	-14.1678	0.33	
2088	Bet Aur	1.90	89.8821	44.9475	0.03	Menkalinan
2091	Pi Aur	4.26	89.9838	45.9369	1.72	
2095	The Aur	2.62	89.9304	37.2125	-0.08	
2106	Gam Col	4.36	89.3842	-35.2833	-0.18	
2120	Eta Col	3.96	89.7867	-42.8153	1.14	
2124	Mu Ori	4.12	90.5958	9.6475	0.16	
2134	1 Gem	4.16	91.0300	23.2633	0.82	
2159	Nu Ori	4.42	91.8929	14.7683	-0.17	
2199	Xi Ori	4.48	92.9850	14.2089	-0.18	
2216	Eta Gem	3.28	93.7192	22.5067	1.60	
2219	Kap Aur	4.35	93.8446	29.4981	1.02	
2227	Gam Mon	3.98	93.7137	-6.2747	1.32	
2238	2 Lyn	4.48	94.9058	59.0108	0.01	
2256	Kap Col	4.37	94.1379	-35.1406	1.00	
2282	Zet CMa	3.02	95.0783	-30.0633	-0.19	
2286	Mu Gem	2.88	95.7400	22.5136	1.64	
2294	Bet CMa	1.98	95.6750	-17.9558	-0.23	Mirzam
2296	Del Col	3.85	95.5283	-33.4364	0.88	
2298	Eps Mon	4.44	95.9421	4.5928	0.18	
2343	Nu Gem	4.15	97.2408	20.2122	-0.13	
2361	Lam CMa	4.48	97.0421	-32.5800	-0.17	
2385	13 Mon	4.50	98.2258	7.3331	0.00	
2387	Xi1CMa	4.33	97.9637	-23.4183	-0.24	
2421	Gam Gem	1.93	99.4279	16.3992	0.00	Alhena
2429	Nu2CMa	3.95	99.1708	-19.2558	1.06	
2443	Nu3CMa	4.43	99.4725	-18.2375	1.15	
2451	Nu Pup	3.17	99.4404	-43.1961	-0.11	
2473	Eps Gem	2.98	100.9829	25.1311	1.40	
2478	30 Gem	4.49	100.9971	13.2278	1.16	
2484	Xi Gem	3.36	101.3225	12.8956	0.43	
2491	Alp CMa	-1.46	101.2871	-16.7161	0.00	Sirius
2506	18 Mon	4.47	101.9650	2.4122	1.11	
2538	Kap CMa	3.96	102.4604	-32.5086	-0.23	
2540	The Gem	3.60	103.1971	33.9611	0.10	
2560	15 Lyn	4.35	104.3188	58.4225	0.85	
2574	The CMa	4.07	103.5475	-12.0386	1.43	
2580	Omi1CMa	3.87	103.5329	-24.1839	1.73	
2596	Iot CMa	4.37	104.0342	-17.0542	-0.07	
2618	Eps CMa	1.50	104.6562	-28.9722	-0.21	Adhara
2646	Sig CMa	3.47	105.4296	-27.9347	1.73	
2650	Zet Gem	3.79	106.0271	20.5703	0.79	
2653	Omi2CMa	3.02	105.7562	-23.8333	-0.08	
2657	Gam CMa	4.12	105.9396	-15.6333	-0.12	
2693	Del CMa	1.84	107.0979	-26.3933	0.68	Wezen
2697	Tau Gem	4.41	107.7850	30.2453	1.26	
2714	Del Mon	4.15	107.9663	-0.4928	-0.01	
2740		4.49	108.1400	-46.7594	0.32	
2749	Ome CMa	3.85	108.7029	-26.7728	-0.17	
2763	Lam Gem	3.58	109.5233	16.5403	0.11	
2773	Pi Pup	2.70	109.2858	-37.0975	1.62	
2777	Del Gem	3.53	110.0308	21.9822	0.34	
2782	Tau CMa	4.40	109.6767	-24.9542	-0.15	
2821	Iot Gem	3.79	111.4317	27.7981	1.03	
2827	Eta CMa	2.45	111.0238	-29.3031	-0.08	
2845	Bet CMi	2.90	111.7875	8.2894	-0.09	Gomeisa
2852	Rho Gem	4.18	112.2779	31.7844	0.32	
2854	Gam CMi	4.32	112.0408	8.9256	1.43	
2878	Sig Pup	3.25	112.3075	-43.3014	1.51	
2891	Alp Gem	1.98	113.6500	31.8883	0.03	Castor
2905	Ups Gem	4.06	113.9804	26.8958	1.54	
2906		4.45	113.5133	-22.2961	0.51	
2943	Alp CMi	0.38	114.8254	5.2250	0.42	Procyon
2948		4.50	114.7054	-26.8017	-0.17	
2970	Alp Mon	3.93	115.3117	-9.5511	1.02	
2973	Sig Gem	4.28	115.8279	28.8836	1.12	
2985	Kap Gem	3.57	116.1117	24.3981	0.93	
2990	Bet Gem	1.14	116.3287	28.0261	1.00	Pollux
2996	3 Pup	3.96	115.9521	-28.9547	0.18	
3017		3.61	116.3137	-37.9686	1.73	
3034	Omi Pup	4.50	117.0217	-25.9372	-0.05	
3045	Xi Pup	3.34	117.3237	-24.8597	1.24	
3055		4.11	117.3096	-46.3733	-0.18	
3080		3.73	118.0542	-40.5758	1.04	
3084		4.49	118.1613	-38.8631	-0.19	
3090		4.24	118.3258	-48.1031	-0.14	
3102	11 Pup	4.20	119.2146	-22.8800	0.72	
3129		4.41	119.5600	-49.2450	-0.17	
3145		4.39	120.5662	2.3344	1.25	
3165	Zet Pup	2.25	120.8963	-40.0033	-0.26	
3185	Rho Pup	2.81	121.8858	-24.3042	0.43	
3188	Zet Mon	4.34	122.1483	-2.9839	0.97	
3192	16 Pup	4.40	122.2567	-19.2450	-0.15	
3207	Gam2Vel	1.78	122.3833	-47.3367	-0.22	
3225		4.45	122.8396	-39.6186	1.62	
3243		4.44	123.5121	-40.3481	1.17	
3249	Bet Cnc	3.52	124.1288	9.1856	1.48	
3270		4.45	124.6388	-36.6594	0.22	
3275	31 Lyn	4.25	125.7088	43.1881	1.55	
3314		3.90	126.4150	-3.9064	-0.02	
3323	Omi UMa	3.36	127.5662	60.7181	0.84	
3410	Del Hya	4.16	129.4142	5.7036	0.00	
3418	Sig Hya	4.44	129.6892	3.3414	1.21	
3426		4.14	129.4112	-42.9892	0.11	
3438	Bet Pyx	3.97	130.0258	-35.3083	0.94	
3445		3.84	130.1567	-46.6489	0.71	
3454	Eta Hya	4.30	130.8063	3.3986	-0.20	
3461	Del Cnc	3.94	131.1712	18.1542	1.08	
3468	Alp Pyx	3.68	130.8979	-33.1864	-0.18	
3475	Iot Cnc	4.02	131.6742	28.7600	1.01	
3477		4.07	131.1000	-42.6492	0.87	
3482	Eps Hya	3.38	131.6942	6.4189	0.68	
3484	12 Hya	4.32	131.5938	-13.5478	0.90	
3487		3.91	131.5071	-46.0417	0.00	
3492	Rho Hya	4.36	132.1083	5.8378	-0.04	
3518	Gam Pyx	4.01	132.6329	-27.7100	1.27	
3547	Zet Hya	3.11	133.8483	5.9456	1.00	
3569	Iot UMa	3.14	134.8017	48.0417	0.19	
3572	Alp Cnc	4.25	134.6217	11.8578	0.14	
3579		3.97	135.1600	41.7828	0.44	
3591		4.45	135.0225	-41.2539	0.65	
3594	Kap UMa	3.60	135.9062	47.1567	0.00	
3614		3.75	136.0387	-47.0978	1.20	
3619	15 UMa	4.48	137.2179	51.6047	0.27	
3634	Lam Vel	2.21	136.9992	-43.4325	1.66	
3665	The Hya	3.88	138.5912	2.3142	-0.06	
3690	38 Lyn	3.82	139.7113	36.8025	0.06	
3705	Alp Lyn	3.13	140.2637	34.3925	1.55	
3731	Kap Leo	4.46	141.1637	26.1822	1.23	
3748	Alp Hya	1.98	141.8967	-8.6586	1.44	Alphard
3751		4.29	144.2717	81.3264	1.48	
3757	23 UMa	3.67	142.8821	63.0619	0.33	
3773	Lam Leo	4.31	142.9300	22.9681	1.54	
3775	The UMa	3.17	143.2142	51.6772	0.46	
3786	Psi Vel	3.60	142.6750	-40.4667	0.36	
3799	26 UMa	4.50	143.7062	52.0514	0.01	
3836		4.35	144.2067	-49.3553	0.17	
3845	Iot Hya	3.91	144.9642	-1.1428	1.32	
3852	Omi Leo	3.52	145.2875	9.8922	0.49	
3873	Eps Leo	2.98	146.4629	23.7742	0.80	
3888	Ups UMa	3.80	147.7475	59.0386	0.29	
3903	Ups1Hya	4.12	147.8696	-14.8467	0.92	
3905	Mu Leo	3.88	148.1908	26.0069	1.22	
3974	21 LMi	4.48	151.8575	35.2447	0.18	
3975	Eta Leo	3.52	151.8333	16.7628	-0.03	
3980	31 Leo	4.37	151.9762	9.9975	1.45	
3981	Alp Sex	4.49	151.9846	-0.3717	-0.04	
3982	Alp Leo	1.35	152.0929	11.9672	-0.11	Regulus
3994	Lam Hya	3.61	152.6471	-12.3542	1.01	
4023		3.85	153.6842	-42.1219	0.05	
4031	Zet Leo	3.44	154.1725	23.4172	0.31	
4033	Lam UMa	3.45	154.2742	42.9144	0.03	
4057	Gam1Leo	2.61	154.9929	19.8417	1.15	Algieba
4069	Mu UMa	3.05	155.5821	41.4994	1.59	
4094	Mu Hya	3.81	156.5225	-16.8364	1.48	
4100	Bet LMi	4.21	156.9708	36.7072	0.90	
4104	Alp Ant	4.25	156.7879	-31.0678	1.45	
4133	Rho Leo	3.85	158.2029	9.3067	-0.14	
4167		3.84	159.3254	-48.2258	0.30	
4216	Mu Vel	2.69	161.6925	-49.4200	0.90	
4232	Nu Hya	3.11	162.4062	-16.1936	1.25	
4247	46 LMi	3.83	163.3279	34.2150	1.04	
4259	54 Leo	4.50	163.9033	24.7497	0.01	
4287	Alp Crt	4.08	164.9437	-18.2989	1.09	
4293		4.39	165.0387	-42.2258	0.11	
4295	Bet UMa	2.37	165.4604	56.3825	-0.02	Merak
4300	60 Leo	4.42	165.5825	20.1797	0.05	
4301	Alp UMa	1.79	165.9321	61.7508	1.07	Dubhe
4335	Psi UMa	3.01	167.4158	44.4986	1.14	
4343	Bet Crt	4.48	167.9146	-22.8258	0.03	
4357	Del Leo	2.56	168.5271	20.5236	0.12	
4359	The Leo	3.34	168.5600	15.4294	-0.01	
4368	Phi Leo	4.47	169.1654	-3.6517	0.21	
4375	Xi UMa	4.41	169.5458	31.5292	0.59	
4377	Nu UMa	3.48	169.6196	33.0942	1.40	
4382	Del Crt	3.56	169.8354	-14.7786	1.12	
4386	Sig Leo	4.05	170.2842	6.0294	-0.06	
4399	Iot Leo	3.94	170.9812	10.5292	0.41	
4405	Gam Crt	4.08	171.2204	-17.6839	0.21	
4434	Lam Dra	3.84	172.8508	69.3311	1.62	
4450	Xi Hya	3.54	173.2504	-31.8578	0.94	
4471	Ups Leo	4.30	174.2371	-0.8239	1.00	
4517	Nu Vir	4.03	176.4650	6.5294	1.51	
4518	Chi UMa	3.71	176.5125	47.7794	1.18	
4534	Bet Leo	2.14	177.2650	14.5719	0.09	Denebola
4540	Bet Vir	3.61	177.6738	1.7647	0.55	
4546		4.46	177.7862	-45.1736	1.30	
4552	Bet Hya	4.28	178.2275	-33.9081	-0.10	
4554	Gam UMa	2.44	178.4575	53.6947	0.00	Phecda
4608	Omi Vir	4.12	181.3021	8.7331	0.98	
4623	Alp Crv	4.02	182.1033	-24.7289	0.32	
4630	Eps Crv	3.00	182.5312	-22.6197	1.33	
4660	Del UMa	3.31	183.8567	57.0325	0.08	Megrez
4662	Gam Crv	2.59	183.9517	-17.5419	-0.11	
4689	Eta Vir	3.89	184.9767	-0.6669	0.02	
4737	Gam Com	4.36	186.7346	28.2683	1.13	
4757	Del Crv	2.95	187.4663	-16.5156	-0.05	
4775	Eta Crv	4.31	188.0175	-16.1961	0.38	
4785	Bet CVn	4.26	188.4354	41.3575	0.59	
4786	Bet Crv	2.65	188.5967	-23.3967	0.89	
4787	Kap Dra	3.87	188.3708	69.7883	-0.13	
4802	Tau Cen	3.86	189.4258	-48.5411	0.05	
4819	Gam Cen	2.17	190.3792	-48.9597	-0.01	
4825	Gam Vir	3.65	190.4150	-1.4494	0.36	
4888		4.33	193.2788	-48.9433	1.37	
4889		4.27	193.3592	-40.1789	0.21	
4905	Eps UMa	1.77	193.5071	55.9597	-0.02	Alioth
4910	Del Vir	3.38	193.9008	3.3975	1.58	
4915	Alp2CVn	2.90	194.0071	38.3183	-0.12	
4932	Eps Vir	2.83	195.5442	10.9592	0.94	
4942	Xi2Cen	4.27	196.7275	-49.9061	-0.19	
4963	The Vir	4.38	197.4875	-5.5389	-0.01	
4983	Bet Com	4.26	197.9683	27.8781	0.57	
5020	Gam Hya	3.00	199.7304	-23.1717	0.92	
5028	Iot Cen	2.75	200.1492	-36.7122	0.04	
5054	Zet UMa	2.27	200.9812	54.9253	0.02	Mizar
5056	Alp Vir	0.98	201.2983	-11.1614	-0.23	Spica
5062	80 UMa	4.01	201.3063	54.9881	0.16	
5089		3.88	202.7613	-39.4075	1.17	
5107	Zet Vir	3.37	203.6733	-0.5958	0.11	
5168	1 Cen	4.23	206.4217	-33.0439	0.38	
5185	Tau Boo	4.50	206.8154	17.4567	0.48	
5190	Nu Cen	3.41	207.3762	-41.6878	-0.22	
5191	Eta UMa	1.86	206.8850	49.3133	-0.19	Alkaid
5192	2 Cen	4.19	207.3612	-34.4508	1.50	
5193	Mu Cen	3.04	207.4042	-42.4739	-0.17	
5200	Ups Boo	4.07	207.3692	15.7978	1.52	
5231	Zet Cen	2.55	208.8850	-47.2883	-0.22	
5235	Eta Boo	2.68	208.6713	18.3978	0.58	
5248	Phi Cen	3.83	209.5679	-42.1008	-0.21	
5249	Ups1Cen	3.87	209.6700	-44.8036	-0.20	
5260	Ups2Cen	4.34	210.4308	-45.6036	0.60	
5264	Tau Vir	4.26	210.4117	1.5444	0.10	
5285	Chi Cen	4.36	211.5117	-41.1797	-0.19	
5287	Pi Hya	3.27	211.5929	-26.6825	1.12	
5288	The Cen	2.06	211.6708	-36.3700	1.01	
5291	Alp Dra	3.65	211.0971	64.3758	-0.05	
5315	Kap Vir	4.19	213.2242	-10.2736	1.33	
5338	Iot Vir	4.08	214.0037	-6.0006	0.52	
5340	Alp Boo	-0.04	213.9154	19.1825	1.23	Arcturus
5351	Lam Boo	4.18	214.0958	46.0883	0.08	
5354	Iot Lup	3.55	214.8508	-46.0578	-0.18	
5367	Psi Cen	4.05	215.1392	-37.8853	-0.03	
5378		4.42	215.7592	-39.5122	-0.18	
5396	Tau2Lup	4.35	216.5450	-45.3794	0.43	
5404	The Boo	4.05	216.2992	51.8508	0.50	
5429	Rho Boo	3.58	217.9575	30.3714	1.30	
5430	5 UMi	4.25	216.8812	75.6961	1.44	
5435	Gam Boo	3.03	218.0196	38.3083	0.19	
5440	Eta Cen	2.31	218.8767	-42.1578	-0.19	
5447	Sig Boo	4.46	218.6700	29.7450	0.36	
5453	Rho Lup	4.05	219.4717	-49.4258	-0.15	
5469	Alp Lup	2.30	220.4825	-47.3883	-0.20	
5471		4.00	220.4900	-37.7936	-0.17	
5478	Zet Boo	4.43	220.2871	13.7283	0.05	
5485		4.05	220.9142	-35.1736	1.35	
5487	Mu Vir	3.88	220.7650	-5.6583	0.38	
5506	Eps Boo	2.70	221.2467	27.0742	0.97	Izar
5511	109 Vir	3.72	221.5621	1.8928	-0.01	
5526	58 Hya	4.41	222.5721	-27.9603	1.40	
5528	Omi Lup	4.32	222.9100	-43.5756	-0.15	
5531	Alp2Lib	2.75	222.7196	-16.0417	0.15	
5563	Bet UMi	2.08	222.6763	74.1556	1.47	Kochab
5570	16 Lib	4.49	224.2958	-4.3464	0.32	
5571	Bet Lup	2.68	224.6329	-43.1339	-0.22	
5576	Kap Cen	3.13	224.7904	-42.1042	-0.20	
5601	110 Vir	4.40	225.7250	2.0914	1.04	
5602	Bet Boo	3.50	225.4867	40.3906	0.97	
5603	Sig Lib	3.29	226.0175	-25.2819	1.70	
5626	Lam Lup	4.05	227.2108	-45.2797	-0.18	
5646	Kap1Lup	3.87	227.9838	-48.7378	-0.05	
5681	Del Boo	3.47	228.8758	33.3147	0.95	
5683	Mu Lup	4.27	229.6333	-47.8750	-0.08	
5685	Bet Lib	2.61	229.2517	-9.3831	-0.11	
5686	2 Lup	4.34	229.4579	-30.1489	1.10	
5695	Del Lup	3.22	230.3429	-40.6475	-0.22	
5705	Phi1Lup	3.56	230.4517	-36.2614	1.54	
5708	Eps Lup	3.37	230.6704	-44.6894	-0.18	
5733	Mu1Boo	4.31	231.1225	37.3772	0.31	
5735	Gam UMi	3.05	230.1821	71.8339	0.05	
5744	Iot Dra	3.29	231.2325	58.9661	1.16	
5747	Bet CrB	3.68	231.9571	29.1058	0.28	
5776	Gam Lup	2.78	233.7854	-41.1669	-0.20	
5778	The CrB	4.14	233.2325	31.3592	-0.13	
5787	Gam Lib	3.91	233.8817	-14.7894	1.01	
5788	Del Ser	3.80	233.7004	10.5375	0.26	
5793	Alp CrB	2.23	233.6721	26.7147	-0.02	Alphecca
5794	Ups Lib	3.58	234.2562	-28.1350	1.38	
5797	Ome Lup	4.33	234.5133	-42.5675	1.42	
5812	Tau Lib	3.66	234.6642	-29.7778	-0.17	
5849	Gam CrB	3.84	235.6858	26.2956	0.00	
5854	Alp Ser	2.65	236.0671	6.4256	1.17	
5867	Bet Ser	3.67	236.5471	15.4219	0.06	
5868	Lam Ser	4.43	236.6108	7.3531	0.60	
5879	Kap Ser	4.09	237.1850	18.1417	1.62	
5881	Mu Ser	3.53	237.4050	-3.4303	-0.04	
5883	Chi Lup	3.95	237.7396	-33.6272	-0.04	
5892	Eps Ser	3.71	237.7042	4.4778	0.15	
5903	Zet UMi	4.32	236.0146	77.7944	0.04	
5908	The Lib	4.15	238.4562	-16.7294	1.02	
5928	Rho Sco	3.88	239.2212	-29.2142	-0.20	
5933	Gam Ser	3.85	239.1133	15.6617	0.48	
5944	Pi Sco	2.89	239.7129	-26.1142	-0.19	
5947	Eps CrB	4.15	239.3971	26.8778	1.23	
5948	Eta Lup	3.41	240.0304	-38.3969	-0.22	
5953	Del Sco	2.32	240.0833	-22.6217	-0.12	
5958		2.00	239.8758	25.9203	0.10	
5984	Bet1Sco	2.62	241.3592	-19.8056	-0.07	
5986	The Dra	4.01	240.4721	58.5653	0.52	
5987	The Lup	4.23	241.6479	-36.8022	-0.17	
5993	Ome1Sco	3.96	241.7017	-20.6692	-0.04	
5997	Ome2Sco	4.32	241.8513	-20.8686	0.84	
6023	Phi Her	4.26	242.1925	44.9350	-0.07	
6027	Nu Sco	4.01	242.9988	-19.4606	0.04	
6056	Del Oph	2.74	243.5863	-3.6944	1.58	
6075	Eps Oph	3.24	244.5804	-4.6925	0.96	
6084	Sig Sco	2.89	245.2971	-25.5928	0.13	
6092	Tau Her	3.89	244.9350	46.3133	-0.15	
6095	Gam Her	3.75	245.4800	19.1531	0.27	
6104	Psi Oph	4.50	246.0258	-20.0375	1.01	
6115	Eps Nor	4.47	246.7962	-47.5550	-0.07	
6116	Eta UMi	4.95	244.3762	75.7553	0.37	
6118	Chi Oph	4.42	246.7558	-18.4564	0.28	
6132	Eta Dra	2.74	245.9979	61.5142	0.91	
6134	Alp Sco	0.96	247.3517	-26.4319	1.83	Antares
6143		4.23	247.8454	-34.7044	-0.16	
6147	Phi Oph	4.28	247.7846	-16.6128	0.92	
6148	Bet Her	2.77	247.5550	21.4897	0.94	
6149	Lam Oph	3.82	247.7283	1.9839	0.01	
6153	Ome Oph	4.45	248.0342	-21.4664	0.13	
6165	Tau Sco	2.82	248.9708	-28.2161	-0.25	
6166		4.16	249.0938	-35.2556	1.57	
6168	Sig Her	4.20	248.5258	42.4369	-0.01	
6175	Zet Oph	2.56	249.2896	-10.5672	0.02	
6212	Zet Her	2.81	250.3217	31.6031	0.65	
6220	Eta Her	3.53	250.7242	38.9222	0.92	
6241	Eps Sco	2.29	252.5408	-34.2933	1.15	
6247	Mu1Sco	3.08	252.9675	-38.0475	-0.20	
6271	Zet2Sco	3.62	253.6458	-42.3614	1.37	
6281	Iot Oph	4.38	253.5021	10.1653	-0.08	
6299	Kap Oph	3.20	254.4171	9.3750	1.15	
6322	Eps UMi	4.23	251.4921	82.0372	0.89	
6324	Eps Her	3.92	255.0725	30.9264	-0.01	
6378	Eta Oph	2.43	257.5946	-15.7247	0.06	
6380	Eta Sco	3.33	258.0383	-43.2392	0.41	
6396	Zet Dra	3.17	257.1967	65.7147	-0.12	
6406	Alp1Her	3.48	258.6621	14.3903	1.44	
6410	Del Her	3.14	258.7579	24.8392	0.08	
6418	Pi Her	3.16	258.7617	36.8092	1.44	
6445	Xi Oph	4.39	260.2508	-21.1128	0.39	
6446	Nu Ser	4.33	260.2071	-12.8469	0.03	
6453	The Oph	3.27	260.5025	-24.9994	-0.22	
6486	44 Oph	4.17	261.5925	-24.1753	0.28	
6492	45 Oph	4.29	261.8388	-29.8669	0.40	
6498	Sig Oph	4.34	261.6288	4.1403	1.50	
6508	Ups Sco	2.69	262.6908	-37.2958	-0.22	
6510	Alp Ara	2.95	262.9604	-49.8761	-0.17	
6526	Lam Her	4.41	262.6846	26.1106	1.44	
6527	Lam Sco	1.63	263.4021	-37.1039	-0.22	Shaula
6536	Bet Dra	2.79	262.6083	52.3014	0.98	
6546		4.29	264.1367	-38.6353	1.09	
6553	The Sco	1.87	264.3300	-42.9978	0.40	
6556	Alp Oph	2.08	263.7337	12.5600	0.15	Rasalhague
6561	Xi Ser	3.54	264.3967	-15.3986	0.26	
6580	Kap Sco	2.41	265.6221	-39.0300	-0.22	
6581	Omi Ser	4.26	265.3537	-12.8753	0.08	
6588	Iot Her	3.80	264.8662	46.0064	-0.18	
6603	Bet Oph	2.77	265.8683	4.5672	1.16	
6615	Iot1Sco	3.03	266.8963	-40.1269	0.51	
6623	Mu Her	3.42	266.6146	27.7206	0.75	
6629	Gam Oph	3.75	266.9733	2.7072	0.04	
6630		3.21	267.4646	-37.0433	1.17	
6688	Xi Dra	3.75	268.3821	56.8728	1.18	
6695	The Her	3.86	269.0633	37.2506	1.35	
6698	Nu Oph	3.34	269.7567	-9.7736	0.99	
6703	Xi Her	3.70	269.4412	29.2478	0.94	
6705	Gam Dra	2.23	269.1517	51.4889	1.52	Eltanin
6707	Nu Her	4.41	269.6258	30.1894	0.39	
6714	67 Oph	3.97	270.1612	2.9317	0.02	
6723	68 Oph	4.45	270.4383	1.3053	0.02	
6746	Gam2Sgr	2.99	271.4521	-30.4242	1.00	
6752	70 Oph	4.03	271.3637	2.4994	0.86	
6771	72 Oph	3.73	271.8375	9.5639	0.12	
6779	Omi Her	3.83	271.8858	28.7625	-0.03	
6787	102 Her	4.36	272.1896	20.8144	-0.16	
6789	Del UMi	4.36	263.0538	86.5864	0.02	
6812	Mu Sgr	3.86	273.4408	-21.0589	0.23	
6832	Eta Sgr	3.11	274.4067	-36.7617	1.56	
6859	Del Sgr	2.70	275.2487	-29.8281	1.38	
6869	Eta Ser	3.26	275.3275	-2.8989	0.94	
6872	Kap Lyr	4.33	274.9654	36.0644	1.17	
6879	Eps Sgr	1.85	276.0429	-34.3847	-0.03	Kaus Australis
6895	109 Her	3.84	275.9246	21.7697	1.18	
6897	Alp Tel	3.51	276.7433	-45.9683	-0.17	
6905	Zet Tel	4.13	277.2079	-49.0708	1.02	
6913	Lam Sgr	2.81	276.9925	-25.4217	1.04	
6920	Phi Dra	4.22	275.1896	71.3378	-0.10	
6927	Chi Dra	3.57	275.2642	72.7328	0.49	
6973	Alp Sct	3.85	278.8017	-8.2442	1.33	
7001	Alp Lyr	0.03	279.2346	38.7836	0.00	Vega
7039	Phi Sgr	3.17	281.4142	-26.9908	-0.11	
7051	Eps1Lyr	5.06	281.0850	39.6700	0.16	
7056	Zet1Lyr	4.36	281.1933	37.6050	0.19	
7061	110 Her	4.19	281.4154	20.5464	0.46	
7063	Bet Sct	4.22	281.7938	-4.7478	1.10	
7069	111 Her	4.36	281.7554	18.1814	0.13	
7106	Bet Lyr	3.45	282.5200	33.3628	0.00	
7121	Sig Sgr	2.02	283.8163	-26.2967	-0.22	Nunki
7139	Del2Lyr	4.30	283.6258	36.8989	1.68	
7150	Xi2Sgr	3.51	284.4325	-21.1067	1.18	
7157	13 Lyr	4.04	283.8338	43.9461	1.59	
7176	Eps Aql	4.02	284.9058	15.0683	1.08	
7178	Gam Lyr	3.24	284.7358	32.6894	-0.05	
7193	12 Aql	4.02	285.4200	-5.7389	1.09	
7194	Zet Sgr	2.60	285.6529	-29.8803	0.08	
7217	Omi Sgr	3.77	286.1708	-21.7417	1.01	
7234	Tau Sgr	3.32	286.7350	-27.6706	1.19	
7235	Zet Aql	2.99	286.3525	13.8633	0.01	
7236	Lam Aql	3.44	286.5621	-4.8825	-0.09	
7254	Alp CrA	4.11	287.3679	-37.9044	0.04	
7259	Bet CrA	4.11	287.5071	-39.3408	1.20	
7264	Pi Sgr	2.89	287.4408	-21.0236	0.35	
7298	Eta Lyr	4.39	288.4396	39.1461	-0.15	
7310	Del Dra	3.07	288.1388	67.6617	1.00	
7314	The Lyr	4.36	289.0921	38.1336	1.26	
7328	Kap Cyg	3.77	289.2758	53.3686	0.96	
7337	Bet1Sgr	4.01	290.6596	-44.4589	-0.10	
7340	Rho1Sgr	3.93	290.4183	-17.8472	0.22	
7343	Bet2Sgr	4.29	290.8050	-44.7997	0.34	
7348	Alp Sgr	3.97	290.9717	-40.6161	-0.10	
7352	Tau Dra	4.45	288.8875	73.3556	1.25	
7377	Del Aql	3.36	291.3746	3.1147	0.32	
7405	Alp Vul	4.44	292.1762	24.6650	1.50	
7417	Bet1Cyg	3.08	292.6804	27.9597	1.13	Albireo
7420	Iot2Cyg	3.79	292.4262	51.7297	0.14	
7429	Mu Aql	4.45	293.5225	7.3789	1.17	
7447	Iot Aql	4.36	294.1804	-1.2864	-0.08	
7469	The Cyg	4.48	294.1104	50.2211	0.38	
7479	Alp Sge	4.37	295.0242	18.0139	0.78	
7488	Bet Sge	4.37	295.2621	17.4761	1.05	
7525	Gam Aql	2.72	296.5650	10.6133	1.52	Tarazed
7528	Del Cyg	2.87	296.2437	45.1308	-0.03	
7536	Del Sge	3.82	296.8471	18.5342	1.41	
7557	Alp Aql	0.77	297.6958	8.8683	0.22	Altair
7564	Chi Cyg	4.23	297.6412	32.9142	1.82	
7570	Eta Aql	3.90	298.1183	1.0056	0.89	
7581	Iot Sgr	4.13	298.8154	-41.8683	1.08	
7582	Eps Dra	3.83	297.0433	70.2678	0.89	
7602	Bet Aql	3.71	298.8283	6.4067	0.86	
7615	Eta Cyg	3.89	299.0767	35.0833	1.02	
7623	The1Sgr	4.37	299.9342	-35.2764	-0.15	
7635	Gam Sge	3.47	299.6892	19.4922	1.57	
7710	The Aql	3.23	302.8263	-0.8214	-0.07	
7735	31 Cyg	3.79	303.4079	46.7414	1.28	
7740	33 Cyg	4.30	303.3496	56.5678	0.11	
7750	Kap Cep	4.39	302.2221	77.7114	-0.05	
7751	32 Cyg	3.98	303.8679	47.7144	1.52	
7754	Alp2Cap	3.57	304.5137	-12.5447	0.94	
7776	Bet Cap	3.08	305.2529	-14.7814	0.79	
7796	Gam Cyg	2.20	305.5571	40.2567	0.68	Sadr
7806	39 Cyg	4.43	305.9654	32.1900	1.33	
7834	41 Cyg	4.01	307.3487	30.3686	0.40	
7850	The Cep	4.22	307.3954	62.9942	0.20	
7852	Eps Del	4.03	308.3033	11.3033	-0.13	
7869	Alp Ind	3.11	309.3917	-47.2914	1.00	
7882	Bet Del	3.63	309.3875	14.5953	0.44	
7884	71 Aql	4.32	309.5846	-1.1053	0.95	
7906	Alp Del	3.77	309.9096	15.9119	-0.06	
7924	Alp Cyg	1.25	310.3579	45.2803	0.09	Deneb
7928	Del Del	4.43	310.8646	15.0744	0.32	
7936	Psi Cap	4.14	311.5237	-25.2708	0.43	
7942	52 Cyg	4.22	311.4154	30.7197	1.05	
7948	Gam2Del	4.27	311.6646	16.1242	1.04	
7949	Eps Cyg	2.46	311.5529	33.9703	1.03	
7950	Eps Aqr	3.77	311.9192	-9.4958	0.00	
7951	3 Aqr	4.42	311.9342	-5.0278	1.65	
7957	Eta Cep	3.43	311.3225	61.8389	0.92	
7980	Ome Cap	4.11	312.9554	-26.9192	1.64	
8028	Nu Cyg	3.94	314.2933	41.1672	0.02	
8075	The Cap	4.07	316.4867	-17.2328	-0.01	
8079	Xi Cyg	3.72	316.2329	43.9278	1.65	
8080	24 Cap	4.50	316.7821	-25.0058	1.61	
8115	Zet Cyg	3.20	318.2342	30.2269	0.99	
8123	Del Equ	4.49	318.6204	10.0069	0.50	
8130	Tau Cyg	3.72	318.6979	38.0456	0.39	
8131	Alp Equ	3.92	318.9558	5.2478	0.53	
8143	Sig Cyg	4.23	319.3542	39.3947	0.12	
8146	Ups Cyg	4.43	319.4796	34.8969	-0.11	
8162	Alp Cep	2.44	319.6450	62.5856	0.22	
8167	Iot Cap	4.28	320.5617	-16.8344	0.90	
8173	1 Peg	4.08	320.5217	19.8044	1.11	
8204	Zet Cap	3.74	321.6667	-22.4114	1.00	
8232	Bet Aqr	2.91	322.8896	-5.5711	0.83	
8238	Bet Cep	3.23	322.1650	70.5608	-0.22	
8252	Rho Cyg	4.02	323.4954	45.5919	0.89	
8278	Gam Cap	3.68	325.0229	-16.6622	0.32	
8305	Iot PsA	4.34	326.2367	-33.0258	-0.05	
8308	Eps Peg	2.39	326.0467	9.8750	1.53	Enif
8313	9 Peg	4.34	326.1279	17.3500	1.17	
8315	Kap Peg	4.13	326.1613	25.6450	0.43	
8316	Mu Cep	4.08	325.8767	58.7800	2.35	
8322	Del Cap	2.87	326.7600	-16.1272	0.29	
8334	Nu Cep	4.29	326.3621	61.1208	0.52	
8335	Pi2Cyg	4.23	326.6983	49.3094	-0.12	
8353	Gam Gru	3.01	328.4821	-37.3650	-0.12	
8411	Lam Gru	4.46	331.5288	-39.5433	1.37	
8414	Alp Aqr	2.96	331.4458	-0.3197	0.98	
8417	Xi Cep	4.29	330.9475	64.6278	0.34	
8418	Iot Aqr	4.27	331.6092	-13.8697	-0.07	
8425	Alp Gru	1.74	332.0583	-46.9611	-0.13	
8430	Iot Peg	3.76	331.7529	25.3450	0.44	
8431	Mu PsA	4.50	332.0958	-32.9886	0.05	
8450	The Peg	3.53	332.5500	6.1978	0.08	
8454	Pi2Peg	4.29	332.4967	33.1783	0.46	
8465	Zet Cep	3.35	332.7138	58.2011	1.57	
8485		4.49	333.4696	39.7150	1.39	
8494	Eps Cep	4.19	333.7583	57.0436	0.28	
8498	1 Lac	4.13	333.9925	37.7489	1.46	
8499	The Aqr	4.16	334.2083	-7.7833	0.98	
8518	Gam Aqr	3.84	335.4142	-1.3872	-0.05	
8538	Bet Lac	4.43	335.8900	52.2292	1.02	
8556	Del1Gru	3.97	337.3175	-43.4956	1.03	
8559	Zet2Aqr	4.42	337.2087	-0.0200	0.38	
8560	Del2Gru	4.11	337.4396	-43.7494	1.57	
8571	Del Cep	3.75	337.2929	58.4153	0.60	
8572	5 Lac	4.36	337.3825	47.7069	1.68	
8576	Bet PsA	4.29	337.8762	-32.3461	0.01	
8585	Alp Lac	3.77	337.8229	50.2825	0.01	
8597	Eta Aqr	4.02	338.8392	-0.1175	-0.09	
8628	Eps PsA	4.17	340.1642	-27.0436	-0.11	
8632	11 Lac	4.46	340.1288	44.2764	1.33	
8634	Zet Peg	3.40	340.3654	10.8314	-0.09	
8636	Bet Gru	2.10	340.6671	-46.8847	1.60	
8650	Eta Peg	2.94	340.7504	30.2214	0.86	
8665	Xi Peg	4.19	341.6733	12.1728	0.50	
8667	Lam Peg	3.95	341.6329	23.5656	1.07	
8679	Tau2Aqr	4.01	342.3979	-13.5925	1.57	
8684	Mu Peg	3.48	342.5008	24.6017	0.93	
8694	Iot Cep	3.52	342.4200	66.2006	1.05	
8695	Gam PsA	4.46	343.1317	-32.8756	-0.04	
8698	Lam Aqr	3.74	343.1538	-7.5797	1.64	
8709	Del Aqr	3.27	343.6625	-15.8208	0.05	
8720	Del PsA	4.21	343.9871	-32.5397	0.97	
8728	Alp PsA	1.16	344.4129	-29.6222	0.09	Fomalhaut
8762	Omi And	3.62	345.4804	42.3261	-0.09	
8775	Bet Peg	2.42	345.9438	28.0828	1.67	Scheat
8781	Alp Peg	2.49	346.1904	15.2053	-0.04	Markab
8787	The Gru	4.28	346.7200	-43.5206	0.42	
8789	86 Aqr	4.47	346.6704	-23.7431	0.90	
8812	88 Aqr	3.66	347.3617	-21.1725	1.22	
8819	Pi Cep	4.41	346.9746	75.3875	0.80	
8820	Iot Gru	3.90	347.5900	-45.2467	1.02	
8834	Phi Aqr	4.22	348.5808	-6.0489	1.56	
8841	Psi1Aqr	4.21	348.9729	-9.0878	1.11	
8852	Gam Psc	3.69	349.2912	3.2822	0.92	
8858	Psi2Aqr	4.39	349.4758	-9.1825	-0.15	
8863	Gam Scl	4.41	349.7058	-32.5319	1.13	
8892	98 Aqr	3.97	350.7425	-20.1006	1.10	
8905	Ups Peg	4.40	351.3450	23.4042	0.61	
8906	99 Aqr	4.39	351.5117	-20.6419	1.47	
8916	The Psc	4.28	351.9921	6.3789	1.07	
8937	Bet Scl	4.37	353.2429	-37.8183	-0.09	
8961	Lam And	3.82	354.3913	46.4581	1.01	
8965	Iot And	4.29	354.5342	43.2681	-0.10	
8969	Iot Psc	4.13	354.9875	5.6264	0.51	
8974	Gam Cep	3.21	354.8367	77.6325	1.03	
8976	Kap And	4.14	355.1021	44.3339	-0.08	
8984	Lam Psc	4.50	355.5117	1.7800	0.20	
8988	Ome2Aqr	4.49	355.6804	-14.5450	-0.04	
9072	Ome Psc	4.01	359.8279	6.8633	0.42	
9089	30 Psc	4.41	0.4900	-6.0142	1.63	
